Category,Item,Cost,Timeline,Justification,Status
Audits & Security,Tier-1 Smart Contract Audit,15000,Month 1-2,Critical before mainnet launch (production lending),Planned
Audits & Security,API Security Review,3000,Month 2,Ensure authentication + data protection,Planned
Audits & Security,Frontend XSS/CSRF Testing,2000,Month 2,Web3 UI security critical,Planned
Audits & Security,Solidity Optimization,2000,Month 1,Gas efficiency for users,Planned
Audits & Security,Test Coverage Expansion,1000,Month 2,Reach 100% contract coverage,Planned
Audits & Security,SUBTOTAL AUDITS & SECURITY,23000,,,"$23,000"
Infrastructure,Mainnet Deployment & Verification,2000,Month 1,Gas fees + Etherscan verification costs,Estimated
Infrastructure,Render API Hosting (3 months),1500,Months 1-3,$500/month (includes DB + Redis),Planned
Infrastructure,Vercel Frontend Hosting (3 months),300,Months 1-3,$100/month for both webapps,Planned
Infrastructure,Monitoring & Logging (Sentry),800,Months 1-6,Error tracking + performance monitoring,Planned
Infrastructure,DNS & SSL Certificates,400,Months 1-6,Annual renewals,Planned
Infrastructure,SUBTOTAL INFRASTRUCTURE,5000,,,"$5,000"
Community & Growth,Developer Documentation,2000,Months 2-6,Integration guides + API docs + tutorials,In-progress
Community & Growth,Blog Posts & Articles,1500,Months 1-6,Technical deep-dives + use cases,Planned
Community & Growth,Video Tutorials (3x),1500,Months 2-4,Getting started + integration guides,Planned
Community & Growth,Community Calls (6x),1000,Months 1-6,Monthly community AMAs,Planned
Community & Growth,Bug Bounty Program,4000,Months 2-6,"$500-2K per severity level, $4K total pool",Planned
Community & Growth,Ecosystem Partnerships,2000,Months 3-6,Integration work with other protocols,Planned
Community & Growth,Marketing & Outreach,2000,Months 1-6,Twitter threads + Ethereum community posts,Planned
Community & Growth,Conference Participation,1500,Months 3-6,Travel to Ethereum events,Estimated
Community & Growth,SUBTOTAL COMMUNITY,15500,,,"$15,500"
Team & Operations,Part-time Security Review,5000,Months 1-3,0.25 FTE security engineer ($15/hr × 833 hours),Estimated
Team & Operations,Legal & Compliance,3000,Month 1,Lending regulation review + ToS,Estimated
Team & Operations,Admin & Tools,1000,Months 1-6,GitHub Pro + monitoring tools + CI/CD,Planned
Team & Operations,Community Manager (Part-time),2000,Months 2-6,0.1 FTE managing Discord + Twitter,Estimated
Team & Operations,SUBTOTAL TEAM & OPERATIONS,11000,,,"$11,000"
Contingency,Unexpected Costs & Buffer,5500,Throughout,15% contingency for unforeseen expenses,Reserve
GRAND TOTAL,,60000,6 Months,"Complete MVP to production launch",$60000
